modelYear,make,model,summary,source,date,text_clean,cluster,type_retour,confidence,composant,probleme,gravite,impact_securite,signal_faible
,toyota,grand highlander,i purchased this vehicle in canada and i need to use this vehicle in united states roads as well. toyota is reluctant to confirm this vehicle is meeting federal motor vehicle safety standards   except labelling and it is safe to drive in united states roads. this vehicle is equipped with tpms but it is not listed as a part present in the vehicle which makes me worry. request you to probe this requirement and make me and my loved ones feel safe in driving this vehicle.,review,2023-11-03,i  this vehicle in canada and i need to use this vehicle in united states roads as well  toyota is  to confirm this vehicle is meeting federal motor vehicle safety  except  and it is safe to drive in united states roads  this vehicle is  with tpms but it is not listed as a part present in the vehicle which makes me worry  request you to probe this  and make me and my loved ones feel safe in driving this vehicle,0,demande,0.85,,,,False,False
2007,ford,freestyle," i got talked into this car and have regretted it ever since. it has always given me problems. the surging issue being the most scary. in parking lots, at stop lights, whenever idling the stupid thing just surges forward or in reverse and i've nearly hit people and other cars many times! my foot is completely on the break and it just takes off. it has left me stranded, and i have 3 small children. now its not shifting out of first gear and the abs light just came on too. i hate this car. praying it doesn't cost me an arm and a leg to fix. ford..you really need to take this seriously and recall these issues! they are dangerous and your going to end up getting sued. ",sav,2023-08-08,i got talked into this car and have  it ever since  it has always given me   the surging issue being the most scary  in parking lots  at stop lights   idling the stupid thing just surges forward or in reverse and i ve nearly hit people and other cars many times  my foot is  on the break and it just takes off  it has left me   and i have   small   now its not  out of first gear and the abs light just came on too  i hate this car  praying it doesn t cost me an arm and a leg to fix  ford  you really need to take this  and recall these issues  they are  and your going to end up getting sued,2,reclamation_garantie,0.9,transmission,surging issue causing unintended acceleration,elevee,True,True
,mazda,cx-5,"vehicle was on a city street traveling at 35-40 mph when the front left wheel (yokohama geolandar g91) spontaneously blew out despite not colliding with any objects or road hazards. as a result, driver side curtain and seat airbags erroneously deployed and the vehicle immediately shutoff, causing disorientation and temporary loss of hearing in one ear.",review,2025-01-30,vehicle was on a city street  at       mph when the front left wheel    g     blew out despite not  with any objects or road hazards  as a result  driver side curtain and seat airbags   and the vehicle  shutoff  causing  and  loss of hearing in one ear,4,plainte,0.9,autre,pneu avant gauche a éclaté sans raison apparente,elevee,True,True
,gmc,sierra 1500,"the contact owns a 2019 gmc sierra 1500. the contact stated that the rearview camera displayed a black screen while the vehicle was in reverse(r). the contact stated that the failure obstructed driving visibility, preventing the driver from safely operating the vehicle. the vehicle was taken to the dealer; however, the contact was informed by the dealer that the part needed for the recall repair was not available. the vehicle was not repaired. the contact stated that the failure persisted. the manufacturer was not notified of the failure. the failure mileage was unknown.",review,2024-02-16,the contact owns a      gmc sierra       the contact stated that the  camera  a black screen while the vehicle was in reverse r   the contact stated that the failure  driving    the driver from safely  the vehicle  the vehicle was taken to the dealer  however  the contact was  by the dealer that the part needed for the recall repair was not   the vehicle was not   the contact stated that the failure   the  was not  of the failure  the failure mileage was unknown,5,reclamation_garantie,0.9,electronique,écran noir de la caméra en marche arrière,moyenne,True,True
,chevrolet,silverado 1500,"door actuator failure left rear door, symptoms are the door doesnt lock and unlock from the switch or keyless, when this problem presents it self the door fails to open from the inside. like child safety is on/when it is not engaged, this could be a safety risk to someone trying to exit the vehicle quickly and not know that they have a problem.  after inspection i found there was a broken pin in the oem connector, yes i have it available for inspection. no problem wasn't reproduced or confirmed at a dealer. no inspection from manufacture, police, ins etc... there weren't any warnings, door lock just worked intermittently.",review,2024-08-14,door  failure left rear door   are the door doesnt lock and unlock from the switch or keyless  when this problem  it self the door fails to open from the inside  like child safety is on when it is not engaged  this could be a safety risk to someone trying to exit the vehicle quickly and not know that they have a problem  after  i found there was a broken pin in the oem   yes i have it  for   no problem wasn t  or  at a dealer  no  from   police  ins etc    there weren t any   door lock just worked,4,plainte,0.9,autre,porte arrière gauche ne se verrouille pas et ne s'ouvre pas de l'intérieur,élevée,True,False
,ford,transit,"when i collided with a ford truck all my air bags deployed as they should, i could not move without intense pain in my lower back so i sat in place until removed by ems.  after partial recovery i examined the vehicle and saw that the seat belt anchor bolt over my shoulder had bulled out of the pillar behind my seat (not the floor).  i was on a city street moving at about 45 mph.  a truck turned in front of me and we collided head to head.  damage on my vehicle was primarily on the front drivers side.",review,2024-09-18,when i  with a ford truck all my air bags  as they should  i could not move without intense pain in my lower back so i sat in place until removed by ems  after partial  i  the vehicle and saw that the seat belt anchor bolt over my  had bulled out of the pillar behind my seat  not the floor   i was on a city street moving at about    mph  a truck turned in front of me and we  head to head  damage on my vehicle was  on the front drivers side,4,plainte,0.9,carrosserie,ancrage de la ceinture de sécurité défectueux,élevée,True,False
,chevrolet,tahoe,"the contact owns a 2017 chevrolet tahoe. the contact stated while the vehicle was at a red light, parked, or while driving at undisclosed speeds, the vehicle shuddered abnormally. the check engine warning light was illuminated. the vehicle was taken to an independent mechanic where it was diagnosed and determined that the fuel injectors needed to be replaced. the independent mechanic made the contact aware of an unknown nhtsa campaign number; however, the vin was not included. the vehicle was not repaired. the manufacturer was not notified of the failure. the failure mileage was approximately 126,000.",review,2025-09-29,the contact owns a       tahoe  the contact stated while the vehicle was at a red light  parked  or while driving at  speeds  the vehicle    the check engine warning light was   the vehicle was taken to an   where it was  and  that the fuel  needed to be   the   made the contact aware of an unknown nhtsa  number  however  the vin was not   the vehicle was not   the  was not  of the failure  the failure mileage was,6,reclamation_garantie,0.9,moteur,le témoin de vérification du moteur s'allume,moyenne,False,True
,lincoln,mkx,"vehicle (suv) floor board and truck had standing water from unknown source. suspect rear hatch and/or glass roof design allows for environmental contamination to enter. water travels down to floor and pools. for example, spare tire was found to be submerged. rear seat and trunk carpeting were moist (saturated) to the touch.   concern: if water in the vehicle is undetected and is allowed to pool for long periods of time,  three things will happen: 1. accelerated corrosion and loss of function for any electrical wiring.  2. standing water can develop mold, impacting air quality through long term and repeated exposure. impact of vehicle occupants health. (in our instance, mom & newborn)  3. accelerated corrosion of vehicle internal structure. for example, seat fasteners.  item was discovered by third party service center and dealership is investigating root cause now. dealer commented this is a problem more common with other models in the same family but not the model of this vehicle.   no warning or indicator of the problem was present.",review,2023-11-30,vehicle  suv  floor board and truck had  water from unknown source  suspect rear hatch and or glass roof design allows for   to enter  water travels down to floor and pools  for example  spare tire was found to be   rear seat and trunk  were moist    to the touch  concern  if water in the vehicle is  and is allowed to pool for long periods of time  three things will happen       and loss of  for any  wiring      water can develop mold   air quality through long term and    impact of vehicle  health   in our   mom   newborn       of vehicle    for example  seat   item was  by third party service center and  is  root cause now  dealer  this is a problem more common with other models in the same family but not the model of this vehicle  no warning or  of the problem was present,4,plainte,0.9,carrosserie,fuite d'eau dans le véhicule,moyenne,True,True
,ford,focus,"the contact owns a 2016 ford focus. the contact stated while attempting to move off from a red light, the vehicle was shuddering. additionally, while shifting from first or second gear the vehicle would shudder. occasionally, while idling at a stop light the rpm fluctuated as if the vehicle would stall. the contact took the vehicle to the dealer who diagnosed that the clutch plates failed and needed to be replaced. the vehicle had not been repaired. the contact stated that the vehicle was not included in nhtsa campaign numbers: 18v169000 (power train) or 18v845000 (power train). the manufacturer was made aware of the failure and informed the contact that the vin was not included. the approximate failure mileage was 75,124.",review,2025-05-10,the contact owns a      ford focus  the contact stated while  to move off from a red light  the vehicle was     while  from first or second gear the vehicle would shudder    while idling at a stop light the rpm  as if the vehicle would stall  the contact took the vehicle to the dealer who  that the clutch plates failed and needed to be   the vehicle had not been   the contact stated that the vehicle was not  in nhtsa  numbers    power train  or   power train   the  was made aware of the failure and  the contact that the vin was not   the  failure mileage was,6,reclamation_garantie,0.9,transmission,clutch plates failed,moyenne,False,True
2021,ford,puma,le mode électrique se coupe tout seul et repasse en thermique,synthetic_fr,2023-10-06,le mode électrique se coupe tout seul et repasse en,0,plainte,0.9,autre,le mode électrique se coupe tout seul,moyenne,False,True
,ford,fusion,"hello. recently it was discovered by my mechanic when they were doing an oil change that there was a crack discovered between the engine and transmission. this crack appeared to be a part of the flex plate which has been causing transmission fluid to leak and ultimately losing power in some cases when driving. when doing research, my vehicle did not come up under recall looking everywhere i could with my vin#. i’m afraid for my safety and the safety of my family. a picture uploaded below will show the crack and some transmission fluid visibly leaking. please help. my vehicle currently has 55,646 miles.",review,2025-03-12,hello   it was  by my  when they were doing an oil change that there was a crack  between the engine and   this crack  to be a part of the flex plate which has been causing  fluid to leak and  losing power in some cases when driving  when doing   my vehicle did not come up under recall looking  i could with my vin   i m afraid for my safety and the safety of my family  a picture  below will show the crack and some  fluid visibly leaking  please help  my vehicle  has        miles,1,reclamation_garantie,0.9,moteur,fissure entre le moteur et la plaque flexible causant des fuites de fluide,elevee,True,True
2011,kia,soul, i had this car for almost 3 years and i loved every minute in it. i was extremely comfortable. the seats fit me perfectly and and a lot of head and leg room. it also had great gas mileage. $40 would fill it up and i could go almost 400 miles before i would fill it again. it did have small problems though. i didn't like the steering that much. it felt stiff and i'm not a fan of stiff steering. also the accelerator wasn't very smooth. these tine problems aside i never had any other issues with this car. it was a great car for the money. i put a total of 83000 miles on mine and only did regular maintenance on it. i would recommend getting this car to anybody.,sav,2024-05-25,i had this car for almost   years and i loved every minute in it  i was    the seats fit me  and and a lot of head and leg room  it also had great gas mileage      would fill it up and i could go almost     miles before i would fill it again  it did have small  though  i didn t like the  that much  it felt stiff and i m not a fan of stiff   also the  wasn t very smooth  these tine  aside i never had any other issues with this car  it was a great car for the money  i put a total of       miles on mine and only did regular  on it  i would  getting this car to anybody,0,avis,0.9,autre,sièges trop rigides et direction pas très fluide,faible,False,False
,kia,sorento,"1. i have been complaining about the vehicle turning off by itself. no one is listening to me or telling me what is causing the problem. i have numerous witnesses when the car turns off by itself. it isn’t safe. it could cause a deadly accident. no it’s not the auto shut off either. i have to put the car in park and hope it restarts each time. 2. when auto shut off is in use the vehicle stalls leading it to act like it’s trying to get fuel to move and turns off. i’ve come too close to having accidents. i never know when it will do it. sometimes i don’t drive it because i don’t want to be held liable for causing an accident and harming somebody's life. 3. i had been complaining to them that i smelled something burning but i couldn’t identify it. i asked them to keep my car and check it out and they refused. while driving in the hottest summer the ac goes out. i immediately took it to the dealership. the worker said we can’t fix it. it'll be a week before they will take my vehicle. the lady was rude and said go to another dealership. it was too hot not to have ac then on top of that it rained the rest of the week and i wasn’t able to work because i couldn’t defog my windows to drive. it finally stopped raining and i was able to get another dealership to check it out and they told me something had burned up that makes the ac work ( i have the paperwork). if they would have checked the car like i asked when i first started complaining about smelling the burning smell  this could have been avoided. also, i don’t get notifications about recalls via mail, phone, call, email etc.",review,2025-07-19,i have been  about the vehicle turning off by itself  no one is  to me or telling me what is causing the problem  i have   when the car turns off by itself  it isn t safe  it could cause a deadly   no it s not the auto shut off either  i have to put the car in park and hope it  each time     when auto shut off is in use the vehicle stalls leading it to act like it s trying to get fuel to move and turns off  i ve come too close to having   i never know when it will do it   i don t drive it because i don t want to be held liable for causing an  and harming  s life     i had been  to them that i smelled  burning but i couldn t  it  i asked them to keep my car and check it out and they refused  while driving in the hottest summer the ac goes out  i  took it to the   the worker said we can t fix it  it ll be a week before they will take my vehicle  the lady was rude and said go to another   it was too hot not to have ac then on top of that it rained the rest of the week and i wasn t able to work because i couldn t defog my windows to drive  it finally stopped raining and i was able to get another  to check it out and they told me  had burned up that makes the ac work   i have the    if they would have checked the car like i asked when i first started  about  the burning smell this could have been avoided  also  i don t get  about recalls via mail  phone  call  email etc,2,plainte,0.9,moteur,le véhicule s'éteint tout seul,elevee,True,True
,chevrolet,silverado 1500,vehicle defect appears related to recall but dealership is unable to identify without tear down of engine. previous dealership when first reported non responsive. manufacturer refusing to further fix and or resolve outstanding safety issue of major safety concern.,review,2025-06-01,vehicle defect appears related to recall but  is unable to  without tear down of engine    when first  non     to further fix and or resolve  safety issue of major safety concern,5,reclamation_garantie,0.9,moteur,défaut de véhicule lié à un rappel,elevee,True,False
,ford,explorer,"i had complete engine failure on my 2021 115,000 mi ford explorer st. the truck was only 3 years old. i heard a knocking noise and pulled over. throughout the summer smoke had been coming out of the exhaust pipe every time i turned on the car before work. there was a cloud of smoke. a week before the engine failure i had the vehicle in the ford shop. they said everything was fine. i towed the vehicle to currie ford in frankfort and they stated that there was catastrophic engine failure. nothing could be done but i needed to put a new $12,000 engine in a $63,000 car. they said the warranty did not cover nor do i have any recourse. the safety of my family was placed at risk., i was travelling with my family, my wife, son, daughter, nephew who is [xxx]  old and niece who is [xxx] . it left us stranded. there were no warnings. the dealership inspected the car a week before and said it was good to go.  information redacted pursuant to the freedom of information act (foia), 5 u.s.c. 552(b)(6)",review,2025-02-11,i had  engine failure on my              mi ford  st  the truck was only   years old  i heard a  noise and pulled over   the summer smoke had been coming out of the exhaust pipe every time i turned on the car before work  there was a cloud of smoke  a week before the engine failure i had the vehicle in the ford shop  they said  was fine  i towed the vehicle to currie ford in  and they stated that there was  engine failure  nothing could be done but i needed to put a new         engine in a         car  they said the  did not cover nor do i have any   the safety of my family was placed at risk   i was  with my family  my wife  son    nephew who is  xxx  old and niece who is  xxx    it left us   there were no   the   the car a week before and said it was good to go     to the freedom of  act  foia     u s c      b,1,reclamation_garantie,0.9,moteur,panne moteur,elevee,True,True
,chevrolet,trax,"i have a 2017 chevy trax with a 1.4l turbo.  i have around 82,000 miles on it. last week it started running rough so i checked the oil and there was none. and then realized the intake gasket was completely shot. brought it to the dealer and they found that cylinder 3 ring was shot. that being said they wanted 2500 for a rebuild and when i asked if i would get some assistance from gm it came down to i wasn't a loyal customer they weren't going to help. just because all service wasn't done there. and now i have a car with a bad motor at 82k miles. to me that seems like a a defective ring from when the motor was built. they say no of course. i'm very in satisfied and in awe on this situation.  i will never purchase another vehicle from chevy again.",review,2025-02-24,i have a      chevy trax with a    l turbo  i have around        miles on it  last week it started running rough so i checked the oil and there was none  and then  the intake gasket was  shot  brought it to the dealer and they found that    ring was shot  that being said they wanted      for a rebuild and when i asked if i would get some  from gm it came down to i wasn t a loyal  they weren t going to help  just because all service wasn t done there  and now i have a car with a bad motor at   k miles  to me that seems like a a  ring from when the motor was built  they say no of course  i m very in  and in awe on this   i will never  another vehicle from chevy again,1,reclamation_garantie,0.9,moteur,moteur en mauvais état avec un joint d'admission défectueux,élevée,True,True
,honda,accord,both daylight running lights (dlrs) stopped working. they are half illuminated and a safety hazard. absolutely unacceptable as it is hazardous.,review,2025-09-13,both  running lights  dlrs  stopped working  they are half  and a safety hazard    as it is,7,reclamation_garantie,0.9,electronique,les feux de jour ont cessé de fonctionner,moyenne,True,True
,ford,bronco sport,vehicle makes load screeching and moaning sounds whenever the car is in reverse -noticed the day after purchase 9/12/2024 and continues to do so- ford states it is a known recall that they have yet to have fix for?,review,2024-03-19,vehicle makes load  and moaning sounds  the car is in reverse  noticed the day after            and  to do so  ford states it is a known recall that they have yet to have fix for,5,reclamation_garantie,0.9,transmission,bruits forts et gémissements en marche arrière,moyenne,True,True
,nissan,murano,"is the pearl white paint peeling off the car all over i cannot drive it in the rain. the paint falls off. i cannot wash it but paint peels off the car only has 42,000 miles on it. i bought it brand new it started in july i have went to several dealerships and consumer affairs, and no one seems to help me. it is all over the internet. this is not due to any warranty. this is a product before it was built. the paint is no good the car is worthless the way it looks i’ve taken very good care of this car. it’s been stored in a garage. i’m the  one drives it. there’s nothing else wrong with the car except the paint is coming off when i go down the highway.",review,2023-06-01,is the pearl white paint peeling off the car all over i cannot drive it in the rain  the paint falls off  i cannot wash it but paint peels off the car only has        miles on it  i bought it brand new it started in july i have went to several  and  affairs  and no one seems to help me  it is all over the   this is not due to any   this is a product before it was built  the paint is no good the car is  the way it looks i ve taken very good care of this car  it s been stored in a garage  i m the one drives it  there s nothing else wrong with the car except the paint is coming off when i go down the highway,4,reclamation_garantie,0.9,carrosserie,peinture perlée qui s'écaille,moyenne,False,True
,subaru,forester,"when i stop the vehicle and put in park, i cannot not turn car off or pull out key. i put car back in drive and drive a few feet forward or back. after putting in park again, i can then turn car off and pull key out. it is now happening more frequently, like every time i drive it. also sometimes have trouble turning the key  to start the car. have had problems periodically for several years. now its getting to be a regular problem. very dangerous when you cannot turn the car off. and it will probably get worse with snowy weather. a safety issue. i see there is a nhtsa safety bulletin #10155220 that lists this problem. it looks like an existing problem with subarus. not sure why there is no recall?",review,2025-10-30,when i stop the vehicle and put in park  i cannot not turn car off or pull out key  i put car back in drive and drive a few feet forward or back  after putting in park again  i can then turn car off and pull key out  it is now  more   like every time i drive it  also  have trouble turning the key to start the car  have had   for several years  now its getting to be a regular problem  very  when you cannot turn the car off  and it will  get worse with snowy weather  a safety issue  i see there is a nhtsa safety    that lists this problem  it looks like an  problem with subarus  not sure why there is no recall,7,reclamation_garantie,0.9,electronique,impossibilité d'éteindre le moteur et de retirer la clé,elevee,True,True
,hyundai,kona,"came off the frwy and stopped and once i got back and accelerated the car began to make metal grinding sound from the engine drove immediately to the dealership that was less then quarter of a mile away.  i left it over night and was told the next day it was not safe to drive at all and there was no loaner cars or rental service.  5 days later a loaner was provided.  there was no warning light or alert sound for me to know there was something wrong. the car could had stopped on the frwy and caused a major accident.  the dealership determined the short block needed to replaced and took action to have it covered under warranty.  the car had 13,500 miles on it at the time and 30 days later a new short block was installed and completed with no extra warranty.",review,2024-06-10,came off the frwy and stopped and once i got back and  the car began to make metal  sound from the engine drove  to the  that was less then quarter of a mile away  i left it over night and was told the next day it was not safe to drive at all and there was no loaner cars or rental service    days later a loaner was   there was no warning light or alert sound for me to know there was  wrong  the car could had stopped on the frwy and caused a major   the   the short block needed to  and took action to have it covered under   the car had        miles on it at the time and    days later a new short block was  and  with no extra,2,reclamation_garantie,0.9,moteur,bruit métallique provenant du moteur,élevée,True,True
,honda,pilot,"while merging onto the highway going approximately 20mph, the car seized up, brought the car to a near stop and would not accelerate. it did this 3 times. no warning lights on the dash, no notice of something malfunctioning.   this car was built on august 19,2016. i purchased it on august 25 only 839 miles on it when incident occurred.",review,2024-06-25,while merging onto the highway going    mph  the car seized up  brought the car to a near stop and would not   it did this   times  no warning lights on the dash  no notice of    this car was built on august          i  it on august    only     miles on it when,2,reclamation_garantie,0.9,moteur,Le moteur se bloque lors de l'accélération sur l'autoroute.,elevee,True,True
,jeep,wrangler,"the current wranglers have a significant problem with steering. because jeep used aluminum steering box and gears, as opposed to steel, there is an unacceptable amount of ""play"" in the steering, specifically on center. while driving at 45mph or above, i can turn the wheel almost a full inch in either direction and the car does not respond at all. there other day i was on a highway with uneven pavement and had to slow down significantly because i could not control the car.    jeep has now issued a tsb replacing the aluminum box with a steel box. the vast majority of people having this tsb performed state it fixes the steering. i took my jeep into my dealership 3 weeks ago, while having jeepcares, the national customer service for fca, involved from the start.    first the dealership told me they couldn't do anything because i had an ""aftermarket"" lift. when i told then the lift was not aftermarket and is mopar, they demanded a receipt to prove it. i bought the lift over 1.5 years ago so no longer had a receipt. the issue was escalated up the corporate ladder multiple times until they finally agreed to replace the steering box under warranty. there had been instances of jeep owners coming in for this tsb but dealerships were not replacing the steering box with the steel version per the tsb, just putting in another aluminum box. that's exactly what happened to me.     the main point of this is this steering absolutely needs to be a recall. the dealerships are putting forth every effort not to do the work. and the problem is so bad that fca is only letting dealerships order 1 steering box per week, due to the overwhelming number of jeeps with dangerous steering and demand for the part.    there is much more information and i can upload document in my possession. any questions, feel free to call, [xxx].    information redacted pursuant to the freedom of information act (foia), 5 u.s.c. 552(b)(6).  *tr",review,2025-12-14,the current  have a  problem with   because jeep used   box and gears  as opposed to steel  there is an  amount of  play  in the    on center  while driving at   mph or above  i can turn the wheel almost a full inch in either  and the car does not respond at all  there other day i was on a highway with uneven  and had to slow down  because i could not control the car  jeep has now issued a tsb  the  box with a steel box  the vast  of people having this tsb  state it fixes the   i took my jeep into my    weeks ago  while having   the   service for fca   from the start  first the  told me they couldn t do  because i had an    lift  when i told then the lift was not  and is mopar  they  a receipt to prove it  i bought the lift over     years ago so no longer had a receipt  the issue was  up the  ladder  times until they finally agreed to replace the  box under   there had been  of jeep owners coming in for this tsb but  were not  the  box with the steel version per the tsb  just putting in another  box  that s exactly what  to me  the main point of this is this   needs to be a recall  the  are putting forth every effort not to do the work  and the problem is so bad that fca is only letting  order    box per week  due to the  number of jeeps with   and demand for the part  there is much more  and i can upload  in my   any   feel free to call   xxx      to the freedom of  act  foia     u s c      b       tr,5,reclamation_garantie,0.9,direction,jeu dans la direction à haute vitesse,elevee,True,True
,hyundai,tucson,"in between my last 3 oil changes i have “lost” all of my oil in my car. checked my oil randomly and there was no oil at all on the stick. after this last change i have checked it every week. i did not check for 2 weeks less than 1,000miles and it was below the low on the mark. obviously running out of oil while driving is not safe and can cause the engine to blow. this can cause a crash or fire. there have been numerous issues with this and the cars need recalled. this is ridiculous.",review,2024-08-17,in between my last   oil changes i have  lost  all of my oil in my car  checked my oil  and there was no oil at all on the stick  after this last change i have checked it every week  i did not check for   weeks less than    and it was below the low on the mark   running out of oil while driving is not safe and can cause the engine to blow  this can cause a crash or fire  there have been  issues with this and the cars need   this is,1,reclamation_garantie,0.9,moteur,perte totale d'huile dans le moteur,elevee,True,True
,gmc,terrain,i was driving home from vacation the vehicle went into limp mode and started to run very poorly with a brake pedal that was almost impossible to push. i limped the vehicle a couple of miles to the next exit. i had the car trailered home and taken to a service center the following monday. they inspected the vehicle and found the vacuum pump had failed and caused what was described as “catastrophic engine failure.” they are now saying it needs a full motor replacement due to the widespread and severe damage. this is not the first time this pump has been an issue or supposed issue. about a year before this incident a month after we bought the vehicle in used condition from a gm dealership it started making a noise. we took it back to see if they could help us out being that it was recently purchased and they diagnosed it as the vacuum pump making the noise. they wanted almost $800.00 to replace it. i googled a video on how to fix it and found the cost of the part. the part itself is between $75-$90 from local and name brand parts stores. i paid the $250 diagnostic fee and took it somewhere else for a second opinion. the gm dealership pushed hard for the vacuum pump replacement and told me it was a well known issue for that part on that motor in many different makes and models. they said they recommend you change that mechanical part out every 80k miles or so and that you do not go by what the owners manual says for oil changes which is 5k miles and instead do that every 3k miles. that should not be “preventative maintenance.” that is a manufacturer issue. this should be a recall on the pump. i again did research and this vacuum pump is a known issue. you can find endless examples and discussions about it. it turned out not to be the pump originally that was making the noise saving me $800. the service center that has it now has all the pictures and pieces to show it’s failure and damage. it’s unsafe for something $85 dollars to cause that while driving at any time.,review,2023-01-22,i was driving home from  the vehicle went into limp mode and started to run very poorly with a brake pedal that was almost  to push  i limped the vehicle a couple of miles to the next exit  i had the car  home and taken to a service center the  monday  they  the vehicle and found the vacuum pump had failed and caused what was  as   engine failure   they are now saying it needs a full motor  due to the  and severe damage  this is not the first time this pump has been an issue or  issue  about a year before this  a month after we bought the vehicle in used  from a gm  it started making a noise  we took it back to see if they could help us out being that it was   and they  it as the vacuum pump making the noise  they wanted almost         to replace it  i googled a video on how to fix it and found the cost of the part  the part itself is between         from local and name brand parts stores  i paid the       fee and took it  else for a second opinion  the gm  pushed hard for the vacuum pump  and told me it was a well known issue for that part on that motor in many  makes and models  they said they  you change that  part out every   k miles or so and that you do not go by what the owners manual says for oil changes which is  k miles and instead do that every  k miles  that should not be      that is a  issue  this should be a recall on the pump  i again did  and this vacuum pump is a known issue  you can find endless  and  about it  it turned out not to be the pump  that was making the noise saving me       the service center that has it now has all the  and pieces to show it s failure and damage  it s unsafe for      dollars to cause that while driving at any time,1,reclamation_garantie,0.9,moteur,échec de la pompe à vide causant une défaillance du moteur,élevée,True,True
,ford,explorer,"leak in roof due to body weld issues.  leak caused rain to enter.  3rd row seatbelt was wet, as well as electrical outlet in trunk.",review,2025-08-08,leak in roof due to body weld issues  leak caused rain to enter   rd row  was wet  as well as  outlet in trunk,4,reclamation_garantie,0.9,carrosserie,fuite dans le toit due à des problèmes de soudure,moyenne,False,True
,chrysler,town and country,"we noticed a oil smell coming in through our vents, in our 2016 chrysler town and country my husband whom has worked in the automotive industry for several years opened the hood to check and sure enough there was oil all over the top of our engine leaking onto our driveway the part is sold as one unit so we had to buy the whole housing/oil cooling line and since we just moved into a new house my husband didnt want to perform the repair in our home garage or driveway, so $1017.31 later the van is fixed but my husband and many other technicians we know have said this is a common (expensive) issue for the housing and cooler lines assembly on the 2014-present chrysler town and country 3.6l dodge caravan 3.6l dodge avenger 3.6l and any of the mopar vehicles equipped with the top mounted catridge style oil filter mainly on the 3.6l engines. with this being such a common issue, why are consumers having to foot such an expensive repair on a seemingly faulty part. the part involved, the oil filter housing/oil cooler line assembly should be considered for recall.",review,2024-06-05,we noticed a oil smell coming in through our vents  in our       town and country my husband whom has worked in the   for several years opened the hood to check and sure enough there was oil all over the top of our engine leaking onto our  the part is sold as one unit so we had to buy the whole housing oil cooling line and since we just moved into a new house my husband didnt want to perform the repair in our home garage or   so          later the van is fixed but my husband and many other  we know have said this is a common    issue for the housing and cooler lines  on the      present  town and country    l dodge caravan    l dodge avenger    l and any of the mopar   with the top mounted  style oil filter mainly on the    l engines  with this being such a common issue  why are  having to foot such an  repair on a  faulty part  the part   the oil filter housing oil cooler line  should be  for recall,1,reclamation_garantie,0.9,moteur,fuite d'huile sur le moteur,moyenne,False,True
,ford,edge,"my transmission has gone out 2 times. once in the middle of a intersection.  almost got rearended. it has been at the dealership for 4 month, and they cannot get it right. no warning lamps or messages. just hesitates, ad no power, then the transmisson blows up, and you cannot moethe vehicle .  i have several repair orders",review,2025-05-26,my  has gone out   times  once in the middle of a   almost got   it has been at the  for   month  and they cannot get it right  no warning lamps or   just   ad no power  then the  blows up  and you cannot moethe vehicle   i have several repair orders,7,reclamation_garantie,0.9,batterie,la batterie ne fonctionne pas et provoque une perte de puissance,elevee,True,True
,honda,cr-v,"the contact owned a 2025 honda cr-v. the contact stated while driving at approximately 40 mph, as the contact slowed to follow a slight right hand curve on the road, the steering wheel pulled to the right. the contact stated that the vehicle drove onto the shoulder, the contact attempted to steer the vehicle back onto the road but the steering was not responding. the contact stated that he was able to turn the steering wheel to the left, however the vehicle was locked in a right turn and then crashed into a small tree as the vehicle was driving down a slight embankment. the contact stated that he did not see any warning lights and as the vehicle crashed into the tree the air bags deployed and the vehicle rolled onto the driver's side and continued to roll 3 times. the vehicle had come to a stop in an upright position on the left hand side of the road. the contact stated that the right front wheel, axel and tie rods had sheared off of the vehicle. the contact stated that he and his 3 sons were transported to the emergency room. the contact stated that he and the son who was sitting in the front passenger seat had minor abrasions on hands and heads and were released from the er. the two sons in the back passenger seats, the son seated in the right passenger seat had shattered his right index finger and had abrasions on both arms. the contact stated that his other son only had abrasions on both legs on his shins and both arms. the police and emt were on scene. the police wrote an incident report. the vehicle was towed to an impound lot. the contact stated that his insurance provider declared the vehicle a total loss. the manufacturer was informed of the failure. the contact had researched online and related the failure to nhtsa campaign number: 24v744000 (steering), however his vin was not part of the recall selection. the failure mileage was approximately 7,500.",review,2023-09-12,the contact owned a      honda cr v  the contact stated while driving at     mph  as the contact slowed to follow a slight right hand curve on the road  the  wheel pulled to the right  the contact stated that the vehicle drove onto the   the contact  to steer the vehicle back onto the road but the  was not   the contact stated that he was able to turn the  wheel to the left  however the vehicle was locked in a right turn and then crashed into a small tree as the vehicle was driving down a slight   the contact stated that he did not see any warning lights and as the vehicle crashed into the tree the air bags  and the vehicle rolled onto the driver s side and  to roll   times  the vehicle had come to a stop in an upright  on the left hand side of the road  the contact stated that the right front wheel  axel and tie rods had sheared off of the vehicle  the contact stated that he and his   sons were  to the  room  the contact stated that he and the son who was sitting in the front  seat had minor  on hands and heads and were  from the er  the two sons in the back  seats  the son seated in the right  seat had  his right index finger and had  on both arms  the contact stated that his other son only had  on both legs on his shins and both arms  the police and emt were on scene  the police wrote an  report  the vehicle was towed to an impound lot  the contact stated that his    the vehicle a total loss  the  was  of the failure  the contact had  online and related the failure to nhtsa  number       however his vin was not part of the recall   the failure mileage was,6,plainte,0.9,direction,le volant tire à droite et le véhicule ne répond pas correctement,critique,True,False
,honda,civic,"everytime i start the car i get a low tire pressure warning, i have checked all four tire pressures and the spare repeatedly, and regardless of whether i fill them with the correct pressure or not the tpms does not stop signaling low tire pressure. warning has not gone away since it came up despite correcting pressure bi-weekly. currently has been 6 months. also occasionally the car will brake by itself both on the highway and around neighborhoods (low speeds and high) and without anyone in front.  *tr",review,2025-10-27,i start the car i get a low tire  warning  i have checked all four tire  and the spare   and  of whether i fill them with the correct  or not the tpms does not stop  low tire   warning has not gone away since it came up despite   bi weekly   has been   months  also  the car will brake by itself both on the highway and around   low speeds and high  and without anyone in front   tr,7,reclamation_garantie,0.9,freinage,le freinage s'active tout seul,elevee,True,True
,acura,mdx,brakes and rotors began squeaking in all environments. brakes began to warm and steering wheel would excessively shake. brakes replaced at 8k miles. brakes are now beginning to squeak at 12k miles. brakes are out of warranty at this time.,review,2024-01-18,brakes and rotors began  in all   brakes began to warm and  wheel would  shake  brakes  at  k miles  brakes are now  to squeak at   k miles  brakes are out of  at this time,3,reclamation_garantie,0.9,freinage,brakes began to warm and wheel would shake,moyenne,True,True
,ram,3500,"my 2018 truck since owning has had 4+ of the abs hydraulic control units replaced. none of them last more than 1 year, sometimes 2 years before the abs hcu fails again. dodge / ram does not offer a solution of any kind. other than it's a know issue and parts are back ordered.   considering the part never lasts there must be another issue, dodge/ram needs to fix this.  thank you",review,2025-02-03,my      truck since owning has had    of the abs  control units   none of them last more than   year     years before the abs hcu fails again  dodge   ram does not offer a  of any kind  other than it s a know issue and parts are back ordered   the part never lasts there must be another issue  dodge ram needs to fix this  thank you,7,reclamation_garantie,0.9,freinage,échec des unités de contrôle ABS,élevée,True,True
,ford,explorer,"the contact owns a 2017 ford explorer. the contact had received recall notice nhtsa campaign number: 24v031000 (structure), however, the parts to complete the recall were unavailable. the contact stated that the manufacturer had failed or was unable to remedy this safety recall promptly. the contact made the manufacturer aware of the issue. the contact stated that 2 years before being mailed the recall notification, the trim on the driver's and passenger’s side a-pillars were detaching from the frame at the top of the trim. the failure mileage was approximately 65,000. vin tool confirms parts are not available.",review,2025-05-16,the contact owns a      ford   the contact had  recall notice nhtsa  number       however  the parts to  the recall were   the contact stated that the  had failed or was unable to remedy this safety recall   the contact made the  aware of the issue  the contact stated that   years before being mailed the recall   the trim on the driver s and  s side a pillars were  from the frame at the top of the trim  the failure mileage was          vin tool  parts are not,5,reclamation_garantie,0.9,carrosserie,trim sur les piliers A se détache du cadre,moyenne,True,True
,chevrolet,equinox,"here is the email i sent to gm. my name is [xxx]  and i am having a issue with my 2024 chevy equinox vin: [xxx] . there have been about 5 times that the brakes fail. pushing the brake does nothing car just keeps rolling. once i can get the car to stop and shut it down and restart the brakes once again work. it was in for service for a few days but there where no error codes and they could not replicate the problem. they did do a update on the car. while my car was in the shop i had the same problem with a malibu rental. called the dealership and talked to service and told them of the problem seems to be me somehow. was asked if i use both feet to gas/brake the car as i was told there is a problem with that. no i don't do that but it seems i can catch both peddles with one foot and this is when the problem occurs. i have to make sure how i brake. have found out today when it happened once again that if i put the car in neutral and press the gas the brakes start to work but not until then. there also was another issue today as when i did get the car to stop and put it in park i could not put the car back in gear until i shut the car off and restarted. can someone let me know on how to proceed other then cautiously. i would take the car back in but they can fix a problem they don't see. any insight would be appreciated.  information redacted pursuant to the freedom of information act (foia), 5 u.s.c. 552(b)(6)",review,2024-06-23,here is the email i sent to gm  my name is  xxx  and i am having a issue with my      chevy equinox vin   xxx    there have been about   times that the brakes fail  pushing the brake does nothing car just keeps rolling  once i can get the car to stop and shut it down and restart the brakes once again work  it was in for service for a few days but there where no error codes and they could not  the problem  they did do a update on the car  while my car was in the shop i had the same problem with a malibu rental  called the  and talked to service and told them of the problem seems to be me somehow  was asked if i use both feet to gas brake the car as i was told there is a problem with that  no i don t do that but it seems i can catch both peddles with one foot and this is when the problem occurs  i have to make sure how i brake  have found out today when it  once again that if i put the car in neutral and press the gas the brakes start to work but not until then  there also was another issue today as when i did get the car to stop and put it in park i could not put the car back in gear until i shut the car off and   can someone let me know on how to proceed other then   i would take the car back in but they can fix a problem they don t see  any insight would be      to the freedom of  act  foia     u s c      b,2,reclamation_garantie,0.9,freinage,"les freins échouent, la voiture continue de rouler",elevee,True,True
,ford,edge,"engine coolant began getting into the cylinders causing the car to shake upon start-up. trusted mechanics have told me this is a known issue with this type of engine. they are saying the engine needs to be replaced at a cost upwards of $8,000 all regular maintenance on this vehicle is up to date, and it is an engine flaw that is causing this. ford needs to be responsible for engine replacement. there are multiple ford edge owners with the same complaint.",review,2024-01-29,engine coolant began getting into the  causing the car to shake upon start up  trusted  have told me this is a known issue with this type of engine  they are saying the engine needs to be  at a cost upwards of        all regular  on this vehicle is up to date  and it is an engine flaw that is causing this  ford needs to be  for engine   there are  ford edge owners with the same,1,reclamation_garantie,0.9,moteur,liquide de refroidissement dans le moteur causant des vibrations au démarrage,elevee,True,True
,ford,explorer,"my wife was involved in an accident on icy roads on december 5.  she was driving our 2017 ford explorer which we had purchased on may 31, 2017.  she was stopped at a red light on a country highway and headed north.  the light turned green and she had just gotten through the intersection when a vehicle that was heading south, lost control and hit her head-on.  the attached picture shows the amount of damage sustained on the front end of the vehicle.  beyond this damage, the impact was strong enough that a motor mount mounting pin was sheared clean off the motor as was the cover on the timing belt.  the rebar in front of the radiator was snapped completely in half.  all this damage...and the and airbags did not deploy.  there was sufficient damage that this $50,000+ vehicle was considered a total loss.    i've contacted the ford dealership in sioux falls, sd where we bought the vehicle.  as soon as i mentioned airbags, they said they would not address or comment on any additional questions i raised about the vehicle safety features.  i've contacted ford motor company direct.  same story.  as soon as the subject of airbags was locked firmly in the mind of the lady i was talking with, she proceeded with about ten minutes of questions.  after spending probably 20 minutes on the phone with this lady, all i got was, ""you now have a case number in our system.""  when i asked about getting any followup correspondence, i was told, ""all future correspondence will be between the insurance company and ford motor company.""  and, i've heard nothing since.  because my wife was not at fault in this accident, we are dealing with the other driver's insurance company (farm bureau) and getting treated like we were the perpetrators instead of the victims.",review,2023-09-19,my wife was  in an  on icy roads on     she was driving our      ford  which we had  on may           she was stopped at a red light on a country highway and headed north  the light turned green and she had just gotten through the  when a vehicle that was heading south  lost control and hit her head on  the  picture shows the amount of damage  on the front end of the vehicle  beyond this damage  the impact was strong enough that a motor mount  pin was sheared clean off the motor as was the cover on the timing belt  the rebar in front of the  was snapped  in half  all this damage   and the and airbags did not deploy  there was  damage that this          vehicle was  a total loss  i ve  the ford  in sioux falls  sd where we bought the vehicle  as soon as i  airbags  they said they would not address or comment on any   i raised about the vehicle safety   i ve  ford motor company direct  same story  as soon as the subject of airbags was locked firmly in the mind of the lady i was talking with  she  with about ten minutes of   after      minutes on the phone with this lady  all i got was   you now have a case number in our system   when i asked about getting any    i was told   all future  will be between the  company and ford motor company   and  i ve heard nothing since  because my wife was not at fault in this   we are dealing with the other driver s  company  farm bureau  and getting treated like we were the  instead of the victims,2,reclamation_garantie,0.9,carrosserie,les airbags ne se sont pas déployés lors d'un accident,elevee,True,True
,honda,pilot,"tl* the contact owns a 2019 honda pilot. while driving various speeds, the front driver side brake sensor activated and sounded a warning beeping. erroneously, which signaled the contact to brake. in addition, the brake senor warning indicator illuminated. the failure occurred intermittently. the vehicle was not diagnosed or repaired. the manufacturer has not notififed. the failure mileage was 110,000. this has occurred since i purchased the car. *bf   dealer has been notified. the sales rep told me that other people are reporting this issue too and that there will probably be an update to the car's software at some paint in the future. *jb",review,2025-03-02,tl  the contact owns a      honda pilot  while driving various speeds  the front driver side brake sensor  and sounded a warning beeping    which  the contact to brake  in   the brake senor warning    the failure    the vehicle was not  or   the  has not   the failure mileage was          this has  since i  the car   bf dealer has been   the sales rep told me that other people are  this issue too and that there will  be an update to the car s  at some paint in the future   jb,6,reclamation_garantie,0.9,freinage,Alerte du capteur de frein avant gauche,moyenne,True,True
,subaru,outback wilderness,"blind spot warning system fails on occasion to detect/warn of vehicle (most notably, semi truck and trailers) in blind spot on the right side of car when traveling on interstate highways. also when i'm completing my passing of the said trucks, the left side blind spot monitor will activate to indicate a vehicle to my left when there is no lane for a vehicle to pass by me from the left. (video evidence is available). the dealer has on two occasions been informed of these incidents, on 12nov24 @15890 miles and 27may25 @22217 miles. the dealer mechanic/technician has stated that they could not duplicate this phenomenon while test driving, nor could they find any error codes or malfunctions in the system. dealer has stated the car is operating properly and is ""safe"" to drive. dealer has not and refuses to escalate this problem to the manufacturer. these incidents have occurred since new as of nov2023 to present may2025",review,2023-01-28,blind spot warning system fails on  to detect warn of vehicle  most notably  semi truck and   in blind spot on the right side of car when  on    also when i m  my passing of the said trucks  the left side blind spot monitor will  to  a vehicle to my left when there is no lane for a vehicle to pass by me from the left   video  is    the dealer has on two  been  of these   on   nov          miles and   may          miles  the dealer   has stated that they could not  this  while test driving  nor could they find any error codes or  in the system  dealer has stated the car is   and is  safe  to drive  dealer has not and refuses to  this problem to the   these  have  since new as of nov     to present may,7,reclamation_garantie,0.9,electronique,système d'avertissement d'angle mort ne détecte pas les véhicules,moyenne,True,True
,jeep,wrangler,from the day this vehicle was new it has had erratic tracking down the road that requires constant corrections. we have had two different dealerships look at it & they claim it is normal. i beg to differ as i have owned 5 jeep wranglers in the past & never was the steering sensitivity this bad. there is something not normal. it requires both hands be on the wheel at all times.,review,2025-12-28,from the day this vehicle was new it has had erratic  down the road that     we have had two   look at it   they claim it is normal  i beg to differ as i have owned   jeep  in the past   never was the   this bad  there is  not normal  it  both hands be on the wheel at all times,3,reclamation_garantie,0.85,direction,problèmes de direction erratique,moyenne,True,True
,ram,1500,"when the truck is at low speeds, the power steering will occasionally stop working. if it does not come back on after a moment or two, i can put the car in neutral, which sometimes kicks it back on. i noticed this started happening after i had my truck in tow mode, but that could be just a coincidence.",review,2024-09-07,when the truck is at low speeds  the power  will  stop working  if it does not come back on after a moment or two  i can put the car in neutral  which  kicks it back on  i noticed this started  after i had my truck in tow mode  but that could be just a,7,autre,0.9,,,,False,False
,honda,accord,"the contact owns a 2017 honda accord. the contact stated while driving 15 mph, the doors inadvertently unlocked with the door ajar warning light illuminated. the contact pressed the lock button to lock the doors, but the doors unlocked independently. the vehicle was taken to the dealer to be diagnosed; however, the dealer stated that no failure was found. the manufacturer was not contacted. the failure mileage was 44,200.",review,2024-02-07,the contact owns a      honda accord  the contact stated while driving    mph  the doors   with the door ajar warning light   the contact pressed the lock button to lock the doors  but the doors    the vehicle was taken to the dealer to be   however  the dealer stated that no failure was found  the  was not   the failure mileage was,6,reclamation_garantie,0.9,autre,les portes ne se verrouillent pas avec le voyant de porte ouverte,moyenne,True,True
,volkswagen,jetta,"bought car new march 2020. back cover of driver side mirror came off in april 2020.  january 15, 2021 while driving on interstate at 70 mph. the car began to jerk and sputter. every attempt to accelerate would cause the car to jerk more. after exiting the interstate i was able to drive 25 mph to nearest dealership. i was told cylinder 1 was dead and others are misfiring. i have since been told that something broke off and was sucked into cylinder 1 damaging cylinder 1. i have been waiting for a new engine since january. i have been repeatedly told it is on back order with no eta. it is now 2/22/21",review,2023-06-24,bought car new march       back cover of driver side mirror came off in april       january          while driving on  at    mph  the car began to jerk and sputter  every attempt to  would cause the car to jerk more  after exiting the  i was able to drive    mph to nearest   i was told    was dead and others are   i have since been told that  broke off and was sucked into         i have been waiting for a new engine since january  i have been  told it is on back order with no eta  it is now,4,reclamation_garantie,0.9,moteur,le moteur a des problèmes de fonctionnement et nécessite un remplacement,elevee,True,True
,mazda,mazda6,"mazda corporation notified me of airbag/seat belt sensor defect.i took the car to shoreline mazda, aurora, co to remedy the problem.   the shoreline mazda service department has not remedied the problem. i'm returning the automobile for the 5th time. attached are the work orders. the last visit on 06/22/2018,  the service department representative, fran (xxxx). stated the service department contacted  mazda techincal support regarding the faulty sensor blinking continuously while in motion. also when the automobile is stationary. or appears while driving on the highways. (fran) said the technicians didn't know what to do. it was suggested by mazda techincal support to unplug or disconnect the from the harness. it was found that the sensor had not been connected. the technicians did so and the sensor  warning was not flashing on the dashboard.  after the last visit and 2 1/2 weeks later. the seat belt sensor continues to flash and blink.      parts of this document have been redacted to protect personally identifiable information pursuant to the freedom of information act (foia), 5 u.s.c. 552(b)(6).",review,2025-05-24,mazda   me of airbag seat belt sensor defect i took the car to  mazda  aurora  co to remedy the problem  the  mazda service  has not  the problem  i m  the  for the  th time   are the work orders  the last visit on             the service    fran  xxxx   stated the service   mazda  support  the faulty sensor   while in motion  also when the  is   or appears while driving on the    fran  said the  didn t know what to do  it was  by mazda  support to unplug or  the from the harness  it was found that the sensor had not been   the  did so and the sensor warning was not  on the   after the last visit and       weeks later  the seat belt sensor  to flash and blink  parts of this  have been  to protect     to the freedom of  act  foia     u s c      b,7,reclamation_garantie,0.9,electronique,défaut du capteur de ceinture de sécurité,moyenne,True,True
,nissan,rogue,"while driving in bumper to bumper traffic in atlanta morning rush hour for 30 minutes,was able to accelerate but power train would not shift out of 3 gear,extremely high rpm.couldn't to tasted than 35mph due to high rpm.called nissan issued case number.took to nissan with in 50 miles of this happening,was told they couldn't find anything wrong,but did have an update for pose train.not at all comfortable with nissan response.due needs to get involved.",review,2024-02-12,while driving in bumper to bumper traffic in atlanta morning rush hour for    minutes was able to  but power train would not shift out of   gear  high rpm couldn t to tasted than   mph due to high rpm called nissan issued case number took to nissan with in    miles of this  was told they couldn t find  wrong but did have an update for pose train not at all  with nissan  due needs to get,3,plainte,0.9,transmission,power train would not shift out of gear,elevee,True,True
,subaru,forester,"we bought our subaru forester after researching the cars with the best safety features.   the car feels unsafe because of 2 problems:  engine hesitation and sudden acceleration. we have barely avoided an incident on two occasions in a parking lot.  we were braking for a car heading toward us when our car lurched ahead coming close to hitting an approaching car. another time we were braking for a stop sign and the car accelerated into moving traffic. we have not reported it to our dealer hoping it was a fluke.  we are going to bring it to the dealer because it's obvious that there is something dangerously wrong with our car.  i can't report dates - it happens each time we drive with no warning - no lights.  suddenly the engine hesitates acting like it has run out of gas or it lurches ahead, accelerating on its own.",review,2025-03-19,we bought our subaru  after  the cars with the best safety   the car feels unsafe because of     engine  and sudden   we have barely avoided an  on two  in a parking lot  we were braking for a car heading toward us when our car lurched ahead coming close to hitting an  car  another time we were braking for a stop sign and the car  into moving traffic  we have not  it to our dealer hoping it was a fluke  we are going to bring it to the dealer because it s obvious that there is   wrong with our car  i can t report dates   it happens each time we drive with no warning   no lights   the engine  acting like it has run out of gas or it lurches ahead   on its own,2,reclamation_garantie,0.9,moteur,le moteur lurches en avant sans avertissement,elevee,True,True
,chevrolet,trailblazer,someone pulled out in front of me going 45 mph and totaled my car when they smashed into the front drivers side of my vehicle. my airbags didn’t deploy and no warning notifications or emergency braking ever occurred. this is dangerous and was severe enough to total my vehicle. my airbags should have deployed. no warning lights or any other issues when it occurred. it was inspected by insurance and determined a total loss.,review,2025-08-29,someone pulled out in front of me going    mph and totaled my car when they smashed into the front drivers side of my vehicle  my airbags didn t deploy and no warning  or  braking ever   this is  and was severe enough to total my vehicle  my airbags should have   no warning lights or any other issues when it   it was  by  and  a total loss,2,reclamation_garantie,0.9,carrosserie,les airbags ne se sont pas déployés lors d'un accident,elevee,True,False
,tesla,model 3,"over the course of 2 days on a road trip, the vehicle automatically engaged braking on its own 4 times. the first time was while using autopilot and traveling around 70 miles per hour. the brakes engaged so hard that the tires started to slights squeal before i was able to disengage.   there were no cars behind us or we would most likely have caused an accident. nearly the same thing happened then next day except i was using adaptive cruise control. this time there was a truck about 100 yards behind me that had been only a few car lengths behind me a bit earlier. if they were closer again, they most likely would have hit us.  i know i was using cruise control one more that that happened, but i am not sure if i was using cruise control or adaptive braking on the other time.",review,2024-11-06,over the course of   days on a road trip  the vehicle  engaged braking on its own   times  the first time was while using  and  around    miles per hour  the brakes engaged so hard that the tires started to slights squeal before i was able to   there were no cars behind us or we would most likely have caused an   nearly the same thing  then next day except i was using  cruise control  this time there was a truck about     yards behind me that had been only a few car lengths behind me a bit earlier  if they were closer again  they most likely would have hit us  i know i was using cruise control one more that that   but i am not sure if i was using cruise control or  braking on the other time,3,plainte,0.9,freinage,le véhicule a engagé le freinage de manière autonome,elevee,True,True
,chevrolet,malibu,issues with fuel pump. other 2017 chevrolet malibu's already have this recall,review,2025-03-21,issues with fuel pump  other       malibu s already have this recall,5,reclamation_garantie,0.9,autre,problèmes avec la pompe à carburant,moyenne,True,True
,ford,edge,"engine coolant leaking into engine and new engine required. cost is $8000 for new engine.  car with only 49,886 miles",review,2025-11-18,engine coolant leaking into engine and new engine   cost is       for new engine  car with only        miles,1,reclamation_garantie,0.9,moteur,fuite de liquide de refroidissement dans le moteur,elevee,True,True
,chevrolet,equinox,service brake assist,review,2023-12-08,service brake assist,7,autre,0.9,,,,False,False
